,custid,cust_first_name,cust_last_name,cust_company,cust_email,cust_phone
0,Z7S429R4V,Meghan,Thompson,"Conner, Griffin and Smith",MThompson@ConnerGriffinandSmith.com,(661)017-3588x37288
1,H0G873C1G,Selena,Casey,Murphy Group,SCasey@MurphyGroup.com,001-319-086-4117x0636
2,R3W913M2D,Robert,Greer,Carpenter-Hebert,RGreer@Carpenter-Hebert.com,(002)467-2008x04777
3,E0C326B4W,Brian,Owens,"Hood, Sanchez and Johnson",BOwens@HoodSanchezandJohnson.com,001-885-827-7852x9097
4,V5B822M6J,Cassidy,Paul,Cuevas PLC,CPaul@CuevasPLC.com,361.787.8013
5,X2U730Y7B,James,Brown,Lopez Group,JBrown@LopezGroup.com,288.689.6987x0629
6,X1R085F6A,Amanda,Vasquez,"Gallegos, Mccarthy and Turner",AVasquez@GallegosMccarthyandTurner.com,001-105-605-7085
7,Y9H831G2E,Derek,Jackson,Gutierrez PLC,DJackson@GutierrezPLC.com,305-339-2751x351
8,X0E392A9S,Daniel,Young,"Fox, Cooper and Hernandez",DYoung@FoxCooperandHernandez.com,194.122.5376
9,K8E737C0G,Gary,Cooper,Rodriguez-Pham,GCooper@Rodriguez-Pham.com,(747)491-7243x81203
10,A7U398X7J,Erik,Cruz,Carter LLC,ECruz@CarterLLC.com,110-589-0347
11,T2Q075N5W,Lauren,Smith,Marquez PLC,LSmith@MarquezPLC.com,088-443-3713
12,H0M532X2Q,Johnny,Montoya,"Mueller, Morgan and Kim",JMontoya@MuellerMorganandKim.com,989-074-7371
13,S7Z280X5Z,Allison,Adkins,Turner-Long,AAdkins@Turner-Long.com,247.599.2199x538
14,F0X659N8U,Mary,Small,Powell-Anderson,MSmall@Powell-Anderson.com,001-782-340-2607
15,T8Q399X6J,Elizabeth,Gomez,"Miller, Bowman and Jones",EGomez@MillerBowmanandJones.com,+1-541-863-4842x60181
16,T0F166Q9C,Sean,Hanson,Porter and Sons,SHanson@PorterandSons.com,001-182-447-6331x6561
17,W1X328Q6G,Jay,Martinez,"Williams, Brooks and Ruiz",JMartinez@WilliamsBrooksandRuiz.com,(524)091-6556x5156
18,G1M221R0K,Thomas,Rivera,Gray-Doyle,TRivera@Gray-Doyle.com,001-945-098-6096x7620
19,J0J630S2A,Mark,Valentine,Sullivan-Navarro,MValentine@Sullivan-Navarro.com,374.342.7257
20,U1X311K6W,Ricky,Koch,Jackson-Murray,RKoch@Jackson-Murray.com,656-829-6243x7737
21,T8Q827J7G,Linda,Harris,Logan Ltd,LHarris@LoganLtd.com,2307785346
22,Y8R082T2U,Joseph,Pratt,"Baker, Roberts and Maynard",JPratt@BakerRobertsandMaynard.com,+1-454-848-8421x9614
23,D0B280V7H,Lucas,Mills,Garcia Inc,LMills@GarciaInc.com,001-710-164-2069x38992
24,C8G495B2A,Jacob,Alvarez,"Johnson, Smith and Perez",JAlvarez@JohnsonSmithandPerez.com,(543)878-5503
25,P0V649F0V,Rebecca,King,"Rodriguez, Petty and Colon",RKing@RodriguezPettyandColon.com,+1-291-412-4331
26,S6T450K7Y,Amanda,Bradley,"Mitchell, Moreno and Clayton",ABradley@MitchellMorenoandClayton.com,001-157-113-8081x886
27,X9Z262X0Y,Ruth,Hall,"Hayes, Harris and Odom",RHall@HayesHarrisandOdom.com,+1-641-496-1480x3271
28,H5U219S2K,Emma,Lamb,Walters PLC,ELamb@WaltersPLC.com,249-402-3525x8039
29,H7X151K7W,Dustin,Richards,Smith LLC,DRichards@SmithLLC.com,+1-483-180-8459
30,G9G083H0F,Sheila,Sloan,Farmer Group,SSloan@FarmerGroup.com,092.562.5517
31,Q4Y947V9C,Jennifer,Velez,"Lopez, Rivera and Sanchez",JVelez@LopezRiveraandSanchez.com,001-150-774-0803x1514
32,J7N182E2Y,Stephanie,Carlson,Green PLC,SCarlson@GreenPLC.com,961.783.1349
33,V4T557D2P,Timothy,Townsend,Flowers-Howard,TTownsend@Flowers-Howard.com,471-415-0506
34,C3C094P4H,Tara,Smith,Dawson PLC,TSmith@DawsonPLC.com,+1-897-081-4036x2999
35,B1D682X3Q,Debra,Cohen,"Chang, Shepard and Richards",DCohen@ChangShepardandRichards.com,847-424-5197
36,X6P567Q7U,Alexandra,Castro,Acosta-Mosley,ACastro@Acosta-Mosley.com,428.802.1361
37,B6N447Q2M,Michael,Rocha,Brown LLC,MRocha@BrownLLC.com,574.463.2751x962
38,J8F872U6T,Rebecca,Hurst,White Group,RHurst@WhiteGroup.com,648-786-6234
39,S9E843Y6F,Daniel,Jones,Floyd Ltd,DJones@FloydLtd.com,999-665-0847
40,D8Z491X8T,Patrick,Atkinson,"Rose, Bowers and Porter",PAtkinson@RoseBowersandPorter.com,983-159-6533x43242
41,Y8G954N3H,Brianna,Phillips,Fletcher Inc,BPhillips@FletcherInc.com,922-899-5474x5359
42,G9V940U4T,Trevor,Jackson,"Benson, Proctor and Ford",TJackson@BensonProctorandFord.com,583.973.5599x01514
43,S9V478R9T,Gilbert,Bean,Mcdaniel Ltd,GBean@McdanielLtd.com,652.902.9138
44,B3U601Q7R,Lori,Olson,Soto-Cohen,LOlson@Soto-Cohen.com,(879)262-9467x43564
45,F9Y807A3J,Matthew,Cochran,"Smith, Wheeler and Spencer",MCochran@SmithWheelerandSpencer.com,001-388-245-7343x2810
46,F7B388Q3A,Colton,Scott,Campbell PLC,CScott@CampbellPLC.com,009-420-6203x1885
47,P3S752D2C,Jennifer,Collins,Miller PLC,JCollins@MillerPLC.com,(315)333-8055x20539
48,G3W262G3F,Jennifer,Woods,Mccormick-Sanford,JWoods@Mccormick-Sanford.com,001-609-845-9042x49619
49,Z5Q390Q2A,Julie,Wood,Whitaker Inc,JWood@WhitakerInc.com,+1-845-618-0556x0984
50,Z4S453D6Z,George,Bernard,"Schwartz, Harris and Martin",GBernard@SchwartzHarrisandMartin.com,7740849289
51,K6W337H6W,Robert,Wright,Oneill-Roberts,RWright@Oneill-Roberts.com,(657)559-2329x6967
52,A1B724U7P,Raymond,Boyer,Cortez-Tran,RBoyer@Cortez-Tran.com,+1-351-806-6076
53,Y4F377W4F,Michael,Nguyen,Mejia LLC,MNguyen@MejiaLLC.com,0980314788
54,M7T227A8A,Ronald,Gilmore,Cooper Group,RGilmore@CooperGroup.com,001-957-191-5672x1283
55,K6K954C8P,David,Romero,"Kelly, Sanchez and Hurst",DRomero@KellySanchezandHurst.com,(066)704-9390
56,C0W991H8X,Crystal,Cunningham,Cook LLC,CCunningham@CookLLC.com,(523)448-4660
57,N0J280M7X,Aaron,Higgins,Whitney Ltd,AHiggins@WhitneyLtd.com,+1-753-341-3431x0737
58,V4N272M3S,Victoria,Andrews,Mcgee-Phillips,VAndrews@Mcgee-Phillips.com,915.308.8261x9165
59,V0E318T1Q,Leonard,Whitaker,Johnson-Alexander,LWhitaker@Johnson-Alexander.com,(430)890-8453
60,W1Q479U6B,Krystal,Hogan,Martin Ltd,KHogan@MartinLtd.com,+1-354-562-2691x76419
61,V7X258T7U,Kylie,Brown,Morrison Group,KBrown@MorrisonGroup.com,+1-519-785-2172x72394
62,B1X602K8S,Jill,Stephens,Calderon LLC,JStephens@CalderonLLC.com,+1-961-080-4545x40112
63,E0X475C4A,John,Booth,Lester and Sons,JBooth@LesterandSons.com,639-711-1071
64,W3J804Y2U,Katherine,Murray,Pineda LLC,KMurray@PinedaLLC.com,+1-891-394-5895x0928
65,D2X751Q8N,Allen,Brown,Ingram Ltd,ABrown@IngramLtd.com,+1-238-735-6535x7612
66,P1G667V4Q,Donna,Hooper,"Webster, Taylor and James",DHooper@WebsterTaylorandJames.com,(266)758-4834x356
67,C9G894W2V,Herbert,Wilson,Moore Group,HWilson@MooreGroup.com,354.538.8791
68,P5C918M9W,Theresa,Waller,"Snyder, Ray and Sullivan",TWaller@SnyderRayandSullivan.com,(088)461-2634x5765
69,B3Y554J1B,Isaac,Jones,Armstrong-Miller,IJones@Armstrong-Miller.com,+1-599-274-1391x8908
70,H2W149H5Q,Teresa,Morris,Morris-Conley,TMorris@Morris-Conley.com,(355)851-2060x0565
71,Y8P733C7X,Edwin,Long,"Avery, Riley and Smith",ELong@AveryRileyandSmith.com,+1-236-690-3028x8026
72,P7D862X7J,William,Garrison,"Chen, Scott and Nguyen",WGarrison@ChenScottandNguyen.com,(651)206-1328x964
73,C5Q877C2K,Matthew,White,"Stewart, Lozano and Oliver",MWhite@StewartLozanoandOliver.com,0535058439
74,F3D607C5W,Kathleen,Tran,Williams and Sons,KTran@WilliamsandSons.com,(419)903-4445x4056
75,X4F097S0P,Adrian,Anderson,Lester-Mason,AAnderson@Lester-Mason.com,001-817-826-9397x598
76,V0K729J2S,Jeremy,Jenkins,Whitaker-Villarreal,JJenkins@Whitaker-Villarreal.com,096.210.7251
77,U7K808D3V,James,Sparks,Thompson PLC,JSparks@ThompsonPLC.com,070-649-9132x3918
78,T9B858Z6K,Tina,Nelson,Martinez Inc,TNelson@MartinezInc.com,001-556-606-1620x1496
79,R5T708H5G,Jacqueline,Harris,Reed Ltd,JHarris@ReedLtd.com,952.952.0199x88998
80,A7V357S9R,Mary,Rowe,"Alvarez, Arias and Campbell",MRowe@AlvarezAriasandCampbell.com,+1-125-864-2148x2215
81,X3V144V9E,James,Harvey,"Contreras, Anderson and Hines",JHarvey@ContrerasAndersonandHines.com,(784)826-7162x90187
82,N0D618T1Z,Pamela,Gonzales,Rice Inc,PGonzales@RiceInc.com,9628666735
83,N7H688C0D,Colleen,Mcconnell,"Wallace, Jenkins and Turner",CMcconnell@WallaceJenkinsandTurner.com,+1-018-415-9008x5693
84,Q4A133P1Q,Leah,Hughes,Cain LLC,LHughes@CainLLC.com,001-076-824-2885x2693
85,T0K685H2N,Keith,Bruce,"Friedman, Armstrong and Baker",KBruce@FriedmanArmstrongandBaker.com,550.865.2319x40245
86,C6V827X8E,Amanda,Rivera,Browning Group,ARivera@BrowningGroup.com,(587)379-9919x151
87,U0K552M1V,Tara,Santiago,Smith-Rice,TSantiago@Smith-Rice.com,(734)818-0532x0917
88,K4D340U7W,Brianna,Thompson,Jensen Group,BThompson@JensenGroup.com,(013)954-4382
89,C9Z380J6N,Susan,Foster,"Harris, Cochran and Butler",SFoster@HarrisCochranandButler.com,613-986-0479x7107
90,V4F814Y4M,Anthony,Day,"Martinez, Roberson and Graham",ADay@MartinezRobersonandGraham.com,937-376-1523x7529
91,B2X417F7F,Susan,Thomas,Davis-Jackson,SThomas@Davis-Jackson.com,(565)435-8251
92,V1J858T8D,Kelli,Kennedy,Holden-Jones,KKennedy@Holden-Jones.com,(619)139-7962x312
93,J2Y187B0B,Michele,Fuentes,Sullivan PLC,MFuentes@SullivanPLC.com,001-965-435-3591x4014
94,J9B078P3S,Ronnie,Rice,Young PLC,RRice@YoungPLC.com,556-761-2383
95,M2C984T9E,Amy,Patrick,Davis Group,APatrick@DavisGroup.com,900-620-8289x2940
96,P0H525K9W,Martin,Clark,Burton-Williamson,MClark@Burton-Williamson.com,001-964-952-1104x004
97,C3H871S5J,David,Taylor,"Garza, Cobb and Carter",DTaylor@GarzaCobbandCarter.com,(146)951-1608x67199
98,B5B020C9F,Chad,Walls,Gross PLC,CWalls@GrossPLC.com,001-828-919-8671x673
99,B2B235V3A,Joshua,Soto,Hayes PLC,JSoto@HayesPLC.com,001-584-590-7530x590
100,W9G549E7N,Jonathan,Wood,Arnold-Brown,JWood@Arnold-Brown.com,0524969919
101,U3X844U9S,Barry,Lee,Martin and Sons,BLee@MartinandSons.com,001-087-351-4297x1342
102,G7Y451E3B,David,Sherman,"Donovan, Watkins and Arnold",DSherman@DonovanWatkinsandArnold.com,829-220-6769x746
103,T9M200K7J,Kimberly,Farmer,Mahoney-Williams,KFarmer@Mahoney-Williams.com,(764)289-5705x8248
104,U2J800M2V,David,Taylor,Hall and Sons,DTaylor@HallandSons.com,001-448-009-2313x383
105,C9V124R8M,Joseph,Valdez,Carr Ltd,JValdez@CarrLtd.com,325.930.6971
106,V8V920C2P,Philip,Randall,Wallace LLC,PRandall@WallaceLLC.com,001-245-129-6344
107,Q0H646E8T,Ashley,Frank,"Jordan, Taylor and Caldwell",AFrank@JordanTaylorandCaldwell.com,(480)764-1688x1014
108,K3V983U5Z,William,Brown,Miller and Sons,WBrown@MillerandSons.com,(473)258-8940
109,S6C780E4S,David,Gill,Cox Ltd,DGill@CoxLtd.com,+1-940-465-3919x65299
110,X9H894Y4F,Krystal,Robinson,"Rodriguez, Walker and Ward",KRobinson@RodriguezWalkerandWard.com,001-285-886-4242
111,V5U217M7R,Caleb,Cook,"Lopez, Johnson and Lara",CCook@LopezJohnsonandLara.com,001-221-251-2119x28111
112,C8H525Q3D,Teresa,Smith,Stephens Group,TSmith@StephensGroup.com,638.773.8843x19248
113,Z5R499E0D,Joshua,Cameron,Sanders Group,JCameron@SandersGroup.com,871.533.0672
114,H9B661Y1R,Erica,Miller,Ball PLC,EMiller@BallPLC.com,+1-831-402-1557x218
115,J4S626J8N,Veronica,Sullivan,Hernandez LLC,VSullivan@HernandezLLC.com,+1-924-324-5055x81924
116,V3R302Z6S,Austin,Villarreal,Cruz Group,AVillarreal@CruzGroup.com,(992)979-8563x64330
117,G9D925F5R,Charles,Leonard,"Johnson, Wilson and Miller",CLeonard@JohnsonWilsonandMiller.com,802-335-9835
118,Y8W692B0E,Scott,Coleman,Vincent LLC,SColeman@VincentLLC.com,001-231-913-3319
119,Z4J206H3T,Jacqueline,Duran,Jones and Sons,JDuran@JonesandSons.com,+1-547-333-3236x89038
120,T5V283Z0B,Crystal,Reed,Miller Inc,CReed@MillerInc.com,429.598.2176x5002
121,N0F023D7W,Kelly,Butler,"Holmes, Robinson and Wolfe",KButler@HolmesRobinsonandWolfe.com,407.198.7203x7141
122,B0G759Y2T,Jacob,Brown,Faulkner-Rich,JBrown@Faulkner-Rich.com,700.671.8498x5543
123,D2D368A2F,Christopher,Schwartz,"Owen, Knox and Foster",CSchwartz@OwenKnoxandFoster.com,001-869-856-0876x4206
124,R5Y154T1T,Michael,Carter,Duarte-Gonzalez,MCarter@Duarte-Gonzalez.com,033-533-5827x5219
125,P9W749A7W,Anthony,Tanner,Le LLC,ATanner@LeLLC.com,+1-908-313-9965x863
126,V8B315D1M,William,Walsh,"Moore, Mcdowell and Perry",WWalsh@MooreMcdowellandPerry.com,001-597-031-1775x23406
127,Y6D349Q6K,Sara,Bradshaw,"Edwards, Cantrell and Chen",SBradshaw@EdwardsCantrellandChen.com,093-213-7611
128,Y4R284F4V,Brittany,Walters,Thompson-Bell,BWalters@Thompson-Bell.com,+1-322-945-8325x90826
129,G3V111B2E,Michelle,Brown,Phillips Group,MBrown@PhillipsGroup.com,001-200-000-5794x6459
130,D4S892A0N,Larry,Lee,Harrison-Williams,LLee@Harrison-Williams.com,+1-063-602-5082x2482
131,H7Y695R0V,Karen,Rivera,"Jones, Baker and Williamson",KRivera@JonesBakerandWilliamson.com,001-193-293-4856x9269
132,B4V328W7K,Thomas,Bennett,Garza-Schmidt,TBennett@Garza-Schmidt.com,(175)739-7814x80622
133,F0W464K6N,Jonathan,Turner,"Moore, Robbins and Williams",JTurner@MooreRobbinsandWilliams.com,(574)822-3944x612
134,Z0C785Q3X,Joshua,Miller,Perez-Wolfe,JMiller@Perez-Wolfe.com,+1-569-629-1869x9563
135,F7J411E0N,Peggy,Thomas,Poole PLC,PThomas@PoolePLC.com,001-320-496-9796
136,Z5H218K0X,Christopher,Johnson,Joyce Group,CJohnson@JoyceGroup.com,+1-817-076-8555x774
137,W1S707K5D,Brian,Sloan,"Sandoval, Kramer and English",BSloan@SandovalKramerandEnglish.com,+1-014-987-8409
138,N3W645C5E,Heather,Hanson,"Alvarez, Villegas and Soto",HHanson@AlvarezVillegasandSoto.com,(428)149-7956
139,Z9K227Y7V,Todd,Gross,Soto Inc,TGross@SotoInc.com,+1-599-132-3771x0408
140,X3Y031Y0H,Clayton,Fisher,Dixon-Rich,CFisher@Dixon-Rich.com,+1-583-469-6583x76645
141,U2S869E0Y,Ashley,Clark,"Davis, Jenkins and Banks",AClark@DavisJenkinsandBanks.com,513-223-4945x778
142,U3G326U4P,Ashley,Bishop,Yu and Sons,ABishop@YuandSons.com,563-827-6226x641
143,U5S438Z5G,Cathy,Norton,"Henry, Olson and Morrison",CNorton@HenryOlsonandMorrison.com,+1-260-275-7180x3170
144,J7T585T9Q,Lynn,Kelly,"Hughes, Beck and Johnson",LKelly@HughesBeckandJohnson.com,(271)219-3716x285
145,G4Z131W6Q,Brittany,Holmes,Flores and Sons,BHolmes@FloresandSons.com,817-153-9306x001
146,V1B683Y3J,Gina,Perez,Andrews PLC,GPerez@AndrewsPLC.com,001-690-303-0254x6440
147,S7F453K1B,Gina,Anderson,Blackwell-Walker,GAnderson@Blackwell-Walker.com,001-425-315-1861x76915
148,G8Q869E4N,James,Hall,Long and Sons,JHall@LongandSons.com,001-771-915-9652x621
149,A9J573Y0S,Amy,Cox,Goodman-Woodard,ACox@Goodman-Woodard.com,4844718586
150,K2X833S4V,Amy,Hill,Richardson-Villanueva,AHill@Richardson-Villanueva.com,709-634-2574
151,S7J097Z2Z,Teresa,Cabrera,Doyle PLC,TCabrera@DoylePLC.com,814-679-3395x468
152,Q1T820G1V,Brittany,Duncan,Price-Sutton,BDuncan@Price-Sutton.com,001-729-641-0100x0521
153,V9A639U8H,Dominique,Bruce,"Fernandez, Taylor and Smith",DBruce@FernandezTaylorandSmith.com,(506)996-8909x503
154,V0D125H0C,Patricia,Davis,"Walton, Harvey and Hendricks",PDavis@WaltonHarveyandHendricks.com,001-470-335-9218x1005
155,H9V204K9R,Michelle,Ferguson,Kelly-Warner,MFerguson@Kelly-Warner.com,(441)948-6286
156,G3G666F0Q,Lynn,Myers,Morgan-Gilmore,LMyers@Morgan-Gilmore.com,974-408-9829
157,M4X663P2C,Joseph,Gardner,Davis-Barnes,JGardner@Davis-Barnes.com,444-675-7033x041
158,S6Q455P8A,Tonya,Gonzales,"Mills, Lindsey and Roberson",TGonzales@MillsLindseyandRoberson.com,(954)723-4870
159,B4S318X8P,Evan,Blair,Johnson LLC,EBlair@JohnsonLLC.com,(531)464-3907x7932
160,A7K003K2N,Carlos,Miller,Jenkins Inc,CMiller@JenkinsInc.com,249.792.3984
161,G6C416F9M,Curtis,Thornton,Lawrence-Singleton,CThornton@Lawrence-Singleton.com,001-803-190-3602x594
162,T2W495W2S,Eric,Mora,Williams-Walton,EMora@Williams-Walton.com,182.658.9187x15062
163,R8S944E0V,William,Burke,Solis-Nicholson,WBurke@Solis-Nicholson.com,(589)934-1219
164,D9K691P2C,Luis,Johnson,Thompson Group,LJohnson@ThompsonGroup.com,+1-277-807-8660x4770
165,R4Q793W6V,Aaron,Collier,"Little, Luna and Lee",ACollier@LittleLunaandLee.com,(366)588-1663x288
166,F6C084U7N,Ronald,Cruz,"Thompson, Cox and Dickerson",RCruz@ThompsonCoxandDickerson.com,001-336-868-4542x15614
167,K3Q970C1D,Jason,Watson,"Reed, White and Snyder",JWatson@ReedWhiteandSnyder.com,513.225.7466x4754
168,M3D748H1Z,Kelly,Baker,Gonzales-Walker,KBaker@Gonzales-Walker.com,869-826-7516
169,F2F232M2N,Bill,Fuentes,Wright-Mcguire,BFuentes@Wright-Mcguire.com,(061)190-4923
170,H2S343A2S,Wendy,Jenkins,"Prince, Gibson and Young",WJenkins@PrinceGibsonandYoung.com,984-894-5051
171,G0G087G6A,Ashley,Torres,Ramirez-Maldonado,ATorres@Ramirez-Maldonado.com,234.577.7379
172,D4Q074Z5J,Isaac,Moore,Wilson Group,IMoore@WilsonGroup.com,001-133-262-5833x196
173,G6F249V4Z,Isaiah,Boyer,Carpenter-Sanchez,IBoyer@Carpenter-Sanchez.com,0142131432
174,N0N516D4F,Julie,Moore,"Nelson, Miller and Hill",JMoore@NelsonMillerandHill.com,298.168.8783x169
175,M2F456K1M,Joan,Villegas,Lopez Group,JVillegas@LopezGroup.com,+1-002-432-0277
176,P1G173X7K,Jamie,Fuentes,"Duffy, Parker and Sullivan",JFuentes@DuffyParkerandSullivan.com,(070)506-3550x2306
177,C8Z528V3J,Lisa,Russell,"Patterson, Robinson and Goodman",LRussell@PattersonRobinsonandGoodman.com,732-129-5042x90148
178,H7M286X6P,Jason,Rogers,"Rangel, Brown and Hughes",JRogers@RangelBrownandHughes.com,831.201.5078
179,X6M252H6R,Megan,Chan,"Taylor, Hernandez and Morton",MChan@TaylorHernandezandMorton.com,(051)422-2412x0946
180,F1S458G6U,Cheryl,Taylor,Preston-Singh,CTaylor@Preston-Singh.com,533-002-1525
181,M4U994B7P,Melissa,Williams,"Tucker, Ortiz and Tanner",MWilliams@TuckerOrtizandTanner.com,145-549-3631x83418
182,M4W030B8H,Bianca,Villa,"Morgan, Tran and Sanchez",BVilla@MorganTranandSanchez.com,178-472-5392x4825
183,B6M096P2K,Susan,Mitchell,Martinez-Sanchez,SMitchell@Martinez-Sanchez.com,001-630-657-3320
184,N6C828D3Q,Cassandra,Ballard,Taylor-Ramirez,CBallard@Taylor-Ramirez.com,(927)049-5728x0432
185,H8G079F5S,Nicole,Zavala,Randolph LLC,NZavala@RandolphLLC.com,(216)673-6361x024
186,V1E297P5S,Laura,Brown,"Johnson, Tate and Sanchez",LBrown@JohnsonTateandSanchez.com,(087)323-4954x189
187,Y2C023Q0K,Tiffany,Robertson,Ayala-Brown,TRobertson@Ayala-Brown.com,(435)717-9633x966
188,Z4Y343V1X,Gregory,Miller,Giles Inc,GMiller@GilesInc.com,001-675-214-9398x0138
189,Z4U204M6D,Heather,Soto,Harris Group,HSoto@HarrisGroup.com,637.773.5900
190,V3W908Y1P,Karen,Hernandez,Valentine-Taylor,KHernandez@Valentine-Taylor.com,168.255.3189x663
191,R2Q406S8R,Barbara,Braun,"Armstrong, Ruiz and Strickland",BBraun@ArmstrongRuizandStrickland.com,0982169240
192,V1Q681B1P,Erin,Spence,"Moody, Guerrero and Hunter",ESpence@MoodyGuerreroandHunter.com,150.725.5635x755
193,B5W808V4A,Stephanie,Huff,Schneider-Solis,SHuff@Schneider-Solis.com,(396)232-8681x369
194,N0F773H0P,Brandon,Cantu,Lopez PLC,BCantu@LopezPLC.com,8700362324
195,B4U775G9G,Raymond,Zavala,Parker PLC,RZavala@ParkerPLC.com,+1-590-150-8971
196,N5P509U9Q,Martha,Rodriguez,"Collins, Rodriguez and Briggs",MRodriguez@CollinsRodriguezandBriggs.com,(298)805-0204x40894
197,C9V501T5D,Vicki,Finley,"Cooper, Reyes and Santana",VFinley@CooperReyesandSantana.com,018-823-3617
198,B3P702J9Q,Desiree,Green,Riley-Raymond,DGreen@Riley-Raymond.com,+1-301-427-8627x66109
199,U9J488C0E,Andrea,Guzman,Watson-Nielsen,AGuzman@Watson-Nielsen.com,322.045.0331x31530
200,F8P700U8Y,Paula,Matthews,Short-Stewart,PMatthews@Short-Stewart.com,+1-524-940-4024
201,X5P844B2P,William,Pena,Warren Inc,WPena@WarrenInc.com,(428)658-1981
202,Q9D157U0X,Rodney,Garcia,Norman-Berger,RGarcia@Norman-Berger.com,584.028.3188
203,R2N612U3P,Tyler,Logan,Wright and Sons,TLogan@WrightandSons.com,457.749.0211x84617
204,M4N579S8H,Scott,Moore,Williams-Fox,SMoore@Williams-Fox.com,+1-199-648-3826
205,W7X855D5C,Jon,Page,Love Ltd,JPage@LoveLtd.com,(239)439-8689
206,T8U889Z1M,Jacob,Cline,Wright LLC,JCline@WrightLLC.com,(108)986-0842x682
207,Y5Y542X5A,Jerome,Jones,Oneal Group,JJones@OnealGroup.com,001-893-928-2849x4381
208,B0J105T3B,Corey,Carson,"Garner, Stanley and Ballard",CCarson@GarnerStanleyandBallard.com,001-650-670-9700x1752
209,V6V910C3G,Travis,Jackson,Davis-Harvey,TJackson@Davis-Harvey.com,(030)190-3875x81006
210,A6N404U3U,Karl,George,Edwards-Hines,KGeorge@Edwards-Hines.com,(693)494-7498x5177
211,T7F216S3V,Emma,Mcpherson,Rios-Benjamin,EMcpherson@Rios-Benjamin.com,+1-527-372-2447x0542
212,T4B159A2Y,John,Hale,Espinoza-Freeman,JHale@Espinoza-Freeman.com,(375)059-8798x23933
213,F5K374W7M,Lindsey,Simon,"Munoz, Patterson and Ochoa",LSimon@MunozPattersonandOchoa.com,+1-434-656-1851x70727
214,M1U861X8D,Joanne,Harris,"Rowe, Avila and Lee",JHarris@RoweAvilaandLee.com,225-584-9136
215,P9J308E3M,Shawn,Morrow,Smith-Hernandez,SMorrow@Smith-Hernandez.com,+1-649-090-4477x5642
216,H4V015V2C,Glenn,Wright,"Whitney, Knight and Avery",GWright@WhitneyKnightandAvery.com,753-589-6988x32009
217,Z7C204B4N,Denise,Hill,Garcia-Ellis,DHill@Garcia-Ellis.com,(338)223-9902x70795
218,N6Q422Q8Y,Kenneth,Williams,Terry-Mendoza,KWilliams@Terry-Mendoza.com,3098354202
219,Y9G860W2J,Paul,Gonzalez,"Ramirez, Cook and Scott",PGonzalez@RamirezCookandScott.com,551-166-8869
220,V9M922G8A,Emily,Heath,Parrish Ltd,EHeath@ParrishLtd.com,066.329.4700x3810
221,Z9N452N8W,Robert,Young,"Nelson, Brown and Lynch",RYoung@NelsonBrownandLynch.com,001-091-140-1656x98545
222,R4S238K7F,Curtis,Evans,Branch-Ferguson,CEvans@Branch-Ferguson.com,001-041-059-7199
223,A0V552J4A,Brian,Williams,"Rodriguez, Cisneros and Flynn",BWilliams@RodriguezCisnerosandFlynn.com,093.575.9972
224,F9G800B5Q,Anthony,Escobar,Pugh-Baker,AEscobar@Pugh-Baker.com,1291989144
225,H2K406C1X,Bobby,Cisneros,Howe LLC,BCisneros@HoweLLC.com,060.862.4975x645
226,N0V379F5P,Matthew,Mendoza,"Coleman, Gonzalez and Ramirez",MMendoza@ColemanGonzalezandRamirez.com,001-650-966-7596x86152
227,H7X488G5M,Jeremy,Daugherty,"Anderson, Matthews and Clark",JDaugherty@AndersonMatthewsandClark.com,292-456-6302x2688
228,V2H296Y8D,Benjamin,Hogan,Hays-Ewing,BHogan@Hays-Ewing.com,(935)656-3456x961
229,Z4D411N1T,Robert,Payne,"Stewart, Garcia and Gonzalez",RPayne@StewartGarciaandGonzalez.com,268.795.3702x57213
230,Z6J745X0R,David,Johns,"Henderson, Craig and Jones",DJohns@HendersonCraigandJones.com,874.508.3447x366
231,Y0T287Z0X,Christopher,Wade,Smith-Owens,CWade@Smith-Owens.com,434-397-2557x53883
232,N7J895V3R,Bianca,Wilson,"Mercer, Johnson and Lin",BWilson@MercerJohnsonandLin.com,5354080011
233,P6K327Y3S,Ronald,Warner,"Briggs, Conner and Young",RWarner@BriggsConnerandYoung.com,001-752-682-5639x46984
234,X1S838B6N,Susan,Baldwin,Padilla-Jensen,SBaldwin@Padilla-Jensen.com,+1-419-124-5904x9559
235,S1R751A7T,Gary,Rodriguez,Holloway-Jacobs,GRodriguez@Holloway-Jacobs.com,001-352-736-1094x530
236,D7E870J1F,Richard,Rowe,"Hall, Mccoy and Ramirez",RRowe@HallMccoyandRamirez.com,320.072.5239
237,H3A809A6X,Melissa,Daniels,"Mitchell, Johnson and Anderson",MDaniels@MitchellJohnsonandAnderson.com,136-053-2405
238,G7V152B9A,Lisa,Hill,"Blankenship, Rose and Richmond",LHill@BlankenshipRoseandRichmond.com,001-579-239-1152
239,P9Q607B0G,Angela,Orozco,Ashley-Smith,AOrozco@Ashley-Smith.com,210-217-4418
240,C3Z025K7T,Mathew,Williams,Wallace Ltd,MWilliams@WallaceLtd.com,+1-033-619-3025x08877
241,B8C805Y7R,Kevin,Nixon,Carlson Group,KNixon@CarlsonGroup.com,628.195.3614
242,E8W519K7F,Kayla,Fitzgerald,Rodriguez Inc,KFitzgerald@RodriguezInc.com,(495)537-3441
243,V1X358J8J,Benjamin,Roberts,Baker-Thomas,BRoberts@Baker-Thomas.com,+1-538-726-9497x404
244,M5H150P7G,Robert,Thompson,Nguyen-Wilson,RThompson@Nguyen-Wilson.com,634-764-8314x036
245,X6G766J9T,Carla,Spencer,Rogers PLC,CSpencer@RogersPLC.com,(191)238-2798
246,H5D921P7F,Gail,Cole,Glass-Walker,GCole@Glass-Walker.com,3656933224
247,K6U128J0X,Deborah,Williams,Osborn-Robles,DWilliams@Osborn-Robles.com,(519)403-4660x46185
248,W9Q195B6D,Jessica,Nelson,"Bailey, Marsh and Turner",JNelson@BaileyMarshandTurner.com,5458405359
249,Z6P592D4U,Angela,Smith,Juarez-Atkinson,ASmith@Juarez-Atkinson.com,9152974383
